"","Et","ut","Xt","Yt"
"1",0.464,9.464,1,12.964
"2",2.026,10.5436,2,14.5436
"3",2.455,11.94424,3,16.44424
"4",-0.323,10.426816,4,15.426816
"5",-0.068,9.3161344,5,14.8161344
"6",0.296,8.68052096,6,14.68052096
"7",-0.288,7.524468864,7,14.024468864
"8",1.298,8.0700219776,8,15.0700219776
"9",0.241,7.50401977984,9,15.00401977984
"10",-0.957,5.796617801856,10,13.796617801856
